<?xml version="1.0" encoding="UTF-8"?>
<project-private xmlns="http://www.netbeans.org/ns/project-private/1">
    <editor-bookmarks xmlns="http://www.netbeans.org/ns/editor-bookmarks/2" lastBookmarkId="0"/>
    <open-files xmlns="http://www.netbeans.org/ns/projectui-open-files/2">
        <group>
            <file>file:/C:/xampp/htdocs/myprojects/aeclynx/home.php</file>
            <file>file:/C:/xampp/htdocs/myprojects/aeclynx/get_ntf.php</file>
            <file>file:/C:/xampp/htdocs/myprojects/aeclynx/update.js</file>
            <file>file:/C:/xampp/htdocs/myprojects/aeclynx/process_request.php</file>
            <file>file:/C:/xampp/htdocs/myprojects/aeclynx/dean_admin.php</file>
            <file>file:/C:/xampp/htdocs/myprojects/aeclynx/function_handler.php</file>
            <file>file:/C:/xampp/htdocs/myprojects/aeclynx/index.php</file>
            <file>file:/C:/xampp/htdocs/myprojects/aeclynx/dean.php</file>
            <file>file:/C:/xampp/htdocs/myprojects/aeclynx/notifications.php</file>
            <file>file:/C:/xampp/htdocs/myprojects/aeclynx/hod_admin.php</file>
            <file>file:/C:/xampp/htdocs/myprojects/aeclynx/load_ntf.php</file>
            <file>file:/C:/xampp/htdocs/myprojects/aeclynx/update_ntf.php</file>
            <file>file:/C:/xampp/htdocs/myprojects/aeclynx/update_hod.js</file>
        </group>
    </open-files>
</project-private>
